GameID,Season,Week,Home Team,Away Team,Neutral Site,PreSeason,Conference Champ,Playoff,National Champ,Listed Coach,Other Coach,TimeSlot,Stadium,City,State,GameTitle,Info,NextGameID,HoA
1333,2027,1,NYJ,TEN,0,1,0,0,0,Tryggr,Dearden,Sunday Noon,MetLife Stadium,East Rutherford,NJ,,,0,
1334,2027,1,PHI,IND,0,1,0,0,0,acewulf,npklemm,Sunday Noon,Lincoln Financial Field,Philadelphia,PA,,,0,
1335,2027,1,PIT,MIN,0,1,0,0,0,DramaticBacon,Bellwood,Sunday Noon,Heinz Field,Pittsburgh,PA,,,0,
1336,2027,1,LV,CHI,0,1,0,0,0,Jieret,nemolee.exe,Sunday Afternoon,Allegiant Stadium,Paradise,NV,,,0,
1337,2027,1,BUF,WAS,0,1,0,0,0,Minnow,Ewade,Sunday Noon,Highmark Stadium,Orchard Park,NY,,,0,
1338,2027,1,HOU,NYG,0,1,0,0,0,lied,thatfunk,Sunday Afternoon,NRG Stadium,Houston,TX,,,0,
1339,2027,1,BAL,LAC,0,1,0,0,0,SyndaKyt,Dean,Sunday Noon,M&T Bank Stadium,Baltimore,MD,,,0,
1340,2027,1,KC,DET,0,1,0,0,0,Newkbomb,jmjacobs,Sunday Afternoon,Arrowhead Stadium,Kansas City,MO,,,0,
1341,2027,1,SEA,TB,0,1,0,0,0,CoachCartier,ATonOfLaw,Sunday Afternoon,Lumen Field,Seattle,WA,,,0,
1342,2027,1,ARI,CLE,0,1,0,0,0,tommygunner,LordLittleButt,Sunday Afternoon,State Farm Stadium,Glendale,AZ,,,0,
1343,2027,1,ATL,GB,0,1,0,0,0,mahrowkeen,JC,Sunday Noon,Mercedes-Benz Stadium,Atlanta,GA,,,0,
1344,2027,1,NE,DAL,0,1,0,0,0,Curby4,shawnzi83,Sunday Noon,Gillette Stadium,Foxborough,MA,,,0,
1345,2027,1,SF,DEN,0,1,0,0,0,Dr_Novella,alexfall862,Sunday Afternoon,Levi's Stadium,Santa Clara,CA,,,0,
1346,2027,1,CAR,JAX,0,1,0,0,0,Sarge,Weeze,Sunday Noon,Bank of America Stadium,Charlotte,NC,,,0,
1347,2027,1,NO,MIA,0,1,0,0,0,servo75,TheLiberator,Sunday Afternoon,Caesars Superdome,New Orleans,LA,,,0,
1348,2027,1,CIN,LAR,0,1,0,0,0,Ezaco,Vivid,Sunday Afternoon,Paul Brown Stadium,Cincinnati,OH,,,0,
1349,2027,2,TEN,PHI,0,1,0,0,0,Dearden,acewulf,Sunday Afternoon,Nissan Stadium,Nashville,TN,,,0,
1350,2027,2,LAR,LAC,0,1,0,0,0,Vivid,Dean,Sunday Afternoon,SoFi Stadium,Inglewood,CA,,,0,
1351,2027,2,LV,MIN,0,1,0,0,0,Jieret,Bellwood,Sunday Afternoon,Allegiant Stadium,Paradise,NV,,,0,
1352,2027,2,CHI,NYG,0,1,0,0,0,nemolee.exe,thatfunk,Sunday Afternoon,Soldier Field,Chicago,IL,,,0,
1353,2027,2,ATL,NYJ,0,1,0,0,0,mahrowkeen,Tryggr,Sunday Noon,Mercedes-Benz Stadium,Atlanta,GA,,,0,
1354,2027,2,CLE,DET,0,1,0,0,0,LordLittleButt,jmjacobs,Sunday Noon,FirstEnergy Stadium,Cleveland,OH,,,0,
1355,2027,2,HOU,KC,0,1,0,0,0,lied,Newkbomb,Sunday Afternoon,NRG Stadium,Houston,TX,,,0,
1356,2027,2,ARI,BAL,0,1,0,0,0,tommygunner,SyndaKyt,Sunday Afternoon,State Farm Stadium,Glendale,AZ,,,0,
1357,2027,2,DAL,BUF,0,1,0,0,0,shawnzi83,Minnow,Sunday Afternoon,AT&T Stadium,Arlington,TX,,,0,
1358,2027,2,IND,SF,0,1,0,0,0,npklemm,Dr_Novella,Sunday Afternoon,Lucas Oil Stadium,Indianapolis,IN,,,0,
1359,2027,2,MIA,CAR,0,1,0,0,0,TheLiberator,Sarge,Sunday Noon,Hard Rock Stadium,Miami Gardens,FL,,,0,
1360,2027,2,WAS,CIN,0,1,0,0,0,Ewade,Ezaco,Sunday Noon,FedExField,Landover,MD,,,0,
1361,2027,2,NO,NE,0,1,0,0,0,servo75,Curby4,Sunday Noon,Caesars Superdome,New Orleans,LA,,,0,
1362,2027,2,GB,DEN,0,1,0,0,0,JC,alexfall862,Sunday Noon,Lambeau Field,Green Bay,WI,,,0,
1363,2027,2,JAX,TB,0,1,0,0,0,Weeze,ATonOfLaw,Sunday Noon,TIAA Bank Field,Jacksonville,FL,,,0,
1364,2027,2,PIT,SEA,0,1,0,0,0,DramaticBacon,CoachCartier,Sunday Noon,Heinz Field,Pittsburgh,PA,,,0,
1365,2027,3,TEN,CAR,0,1,0,0,0,Dearden,Sarge,Sunday Afternoon,Nissan Stadium,Nashville,TN,,,0,
1366,2027,3,SEA,LV,0,1,0,0,0,CoachCartier,Jieret,Sunday Afternoon,Lumen Field,Seattle,WA,,,0,
1367,2027,3,SF,PIT,0,1,0,0,0,Dr_Novella,DramaticBacon,Sunday Afternoon,Levi's Stadium,Santa Clara,CA,,,0,
1368,2027,3,GB,NYJ,0,1,0,0,0,JC,Tryggr,Sunday Afternoon,Lambeau Field,Green Bay,WI,,,0,
1369,2027,3,DEN,HOU,0,1,0,0,0,alexfall862,lied,Sunday Afternoon,Empower Field at Mile High,Denver,CO,,,0,
1370,2027,3,IND,KC,0,1,0,0,0,npklemm,Newkbomb,Sunday Afternoon,Lucas Oil Stadium,Indianapolis,IN,,,0,
1371,2027,3,DET,WAS,0,1,0,0,0,jmjacobs,Ewade,Sunday Noon,Ford Field,Detroit,MI,,,0,
1372,2027,3,CLE,LAC,0,1,0,0,0,LordLittleButt,Dean,Sunday Noon,FirstEnergy Stadium,Cleveland,OH,,,0,
1373,2027,3,CIN,CHI,0,1,0,0,0,Ezaco,nemolee.exe,Sunday Noon,Paul Brown Stadium,Cincinnati,OH,,,0,
1374,2027,3,BAL,LAR,0,1,0,0,0,SyndaKyt,Vivid,Sunday Noon,M&T Bank Stadium,Baltimore,MD,,,0,
1375,2027,3,DAL,ARI,0,1,0,0,0,shawnzi83,tommygunner,Sunday Afternoon,AT&T Stadium,Arlington,TX,,,0,
1376,2027,3,MIN,NO,0,1,0,0,0,Bellwood,servo75,Sunday Afternoon,U.S. Bank Stadium,Minneapolis,MN,,,0,
1377,2027,3,BUF,PHI,0,1,0,0,0,Minnow,acewulf,Sunday Noon,Highmark Stadium,Orchard Park,NY,,,0,
1378,2027,3,NYG,JAX,0,1,0,0,0,thatfunk,Weeze,Sunday Noon,MetLife Stadium,East Rutherford,NJ,,,0,
1379,2027,3,MIA,ATL,0,1,0,0,0,TheLiberator,mahrowkeen,Sunday Noon,Hard Rock Stadium,Miami Gardens,FL,,,0,
1380,2027,3,TB,NE,0,1,0,0,0,ATonOfLaw,Curby4,Sunday Noon,Raymond James Stadium,Tampa,FL,,,0,
1381,2027,1,MIA,LAC,0,0,0,0,0,TheLiberator,Dean,Sunday Night Football,Hard Rock Stadium,Miami Gardens,FL,,,0,
1382,2027,1,BUF,LV,0,0,0,0,0,Minnow,Jieret,Sunday Noon,Highmark Stadium,Orchard Park,NY,,,0,
1383,2027,1,PIT,TB,0,0,0,0,0,DramaticBacon,ATonOfLaw,Sunday Noon,Heinz Field,Pittsburgh,PA,,,0,
1384,2027,1,BAL,CLE,0,0,0,0,0,SyndaKyt,LordLittleButt,Sunday Noon,M&T Bank Stadium,Baltimore,MD,,,0,
1385,2027,1,TEN,DEN,0,0,0,0,0,Dearden,alexfall862,Sunday Afternoon,Nissan Stadium,Nashville,TN,,,0,
1386,2027,1,JAX,CIN,0,0,0,0,0,Weeze,Ezaco,Sunday Noon,TIAA Bank Field,Jacksonville,FL,,,0,
1387,2027,1,IND,HOU,0,0,0,0,0,npklemm,lied,Sunday Afternoon,Lucas Oil Stadium,Indianapolis,IN,,,0,
1388,2027,1,WAS,KC,0,0,0,0,0,Ewade,Newkbomb,Sunday Noon,FedExField,Landover,MD,,,0,
1389,2027,1,NYG,DAL,0,0,0,0,0,thatfunk,shawnzi83,Sunday Noon,MetLife Stadium,East Rutherford,NJ,,,0,
1390,2027,1,CHI,PHI,0,0,0,0,0,nemolee.exe,acewulf,Sunday Afternoon,Soldier Field,Chicago,IL,,,0,
1391,2027,1,ATL,DET,0,0,0,0,0,mahrowkeen,jmjacobs,Sunday Noon,Mercedes-Benz Stadium,Atlanta,GA,,,0,
1392,2027,1,NO,CAR,0,0,0,0,0,servo75,Sarge,Monday Night Football,Caesars Superdome,New Orleans,LA,,,0,
1393,2027,1,LAR,MIN,0,0,0,0,0,Vivid,Bellwood,Thursday Night Football,SoFi Stadium,Inglewood,CA,,,0,
1394,2027,1,SEA,NE,0,0,0,0,0,CoachCartier,Curby4,Sunday Afternoon,Lumen Field,Seattle,WA,,,0,
1395,2027,1,SF,NYJ,0,0,0,0,0,Dr_Novella,Tryggr,Sunday Afternoon,Levi's Stadium,Santa Clara,CA,,,0,
1396,2027,1,ARI,GB,0,0,0,0,0,tommygunner,JC,Sunday Afternoon,State Farm Stadium,Glendale,AZ,,,0,
1397,2027,2,NYJ,KC,0,0,0,0,0,Tryggr,Newkbomb,Monday Night Football,MetLife Stadium,East Rutherford,NJ,,,0,
1398,2027,2,NE,MIA,0,0,0,0,0,Curby4,TheLiberator,Sunday Noon,Gillette Stadium,Foxborough,MA,,,0,
1399,2027,2,PIT,NO,1,0,0,0,0,DramaticBacon,servo75,Sunday Noon,Rogers Centre,Toronto,Canada,,,0,
1400,2027,2,CIN,BUF,0,0,0,0,0,Ezaco,Minnow,Sunday Noon,Paul Brown Stadium,Cincinnati,OH,,,0,
1401,2027,2,BAL,CAR,0,0,0,0,0,SyndaKyt,Sarge,Sunday Noon,M&T Bank Stadium,Baltimore,MD,,,0,
1402,2027,2,JAX,TEN,0,0,0,0,0,Weeze,Dearden,Sunday Noon,TIAA Bank Field,Jacksonville,FL,,,0,
1403,2027,2,HOU,SF,0,0,0,0,0,lied,Dr_Novella,Sunday Afternoon,NRG Stadium,Houston,TX,,,0,
1404,2027,2,IND,CLE,0,0,0,0,0,npklemm,LordLittleButt,Thursday Night Football,Lucas Oil Stadium,Indianapolis,IN,,,0,
1405,2027,2,DEN,DAL,0,0,0,0,0,alexfall862,shawnzi83,Sunday Night Football,Empower Field at Mile High,Denver,CO,,,0,
1406,2027,2,LAC,LV,0,0,0,0,0,Dean,Jieret,Sunday Afternoon,SoFi Stadium,Inglewood,CA,,,0,
1407,2027,2,PHI,WAS,0,0,0,0,0,acewulf,Ewade,Sunday Noon,Lincoln Financial Field,Philadelphia,PA,,,0,
1408,2027,2,GB,CHI,0,0,0,0,0,JC,nemolee.exe,Sunday Afternoon,Lambeau Field,Green Bay,WI,,,0,
1409,2027,2,DET,MIN,0,0,0,0,0,jmjacobs,Bellwood,Sunday Afternoon,Ford Field,Detroit,MI,,,0,
1410,2027,2,TB,ATL,0,0,0,0,0,ATonOfLaw,mahrowkeen,Sunday Noon,Raymond James Stadium,Tampa,FL,,,0,
1411,2027,2,SEA,LAR,0,0,0,0,0,CoachCartier,Vivid,Sunday Afternoon,Lumen Field,Seattle,WA,,,0,
1412,2027,2,ARI,NYG,0,0,0,0,0,tommygunner,thatfunk,Sunday Afternoon,State Farm Stadium,Glendale,AZ,,,0,
1413,2027,3,BUF,NE,0,0,0,0,0,Minnow,Curby4,Sunday Night Football,Highmark Stadium,Orchard Park,NY,,,0,
1414,2027,3,PIT,MIA,0,0,0,0,0,DramaticBacon,TheLiberator,Sunday Noon,Heinz Field,Pittsburgh,PA,,,0,
1415,2027,3,CLE,NYJ,0,0,0,0,0,LordLittleButt,Tryggr,Sunday Noon,FirstEnergy Stadium,Cleveland,OH,,,0,
1416,2027,3,TEN,IND,0,0,0,0,0,Dearden,npklemm,Sunday Noon,Nissan Stadium,Nashville,TN,,,0,
1417,2027,3,HOU,CIN,0,0,0,0,0,lied,Ezaco,Sunday Afternoon,NRG Stadium,Houston,TX,,,0,
1418,2027,3,DEN,CAR,0,0,0,0,0,alexfall862,Sarge,Sunday Afternoon,Empower Field at Mile High,Denver,CO,,,0,
1419,2027,3,KC,LAC,0,0,0,0,0,Newkbomb,Dean,Sunday Afternoon,Arrowhead Stadium,Kansas City,MO,,,0,
1420,2027,3,LV,PHI,1,0,0,0,0,Jieret,acewulf,Sunday Afternoon,Estadio Azteca,Mexico City,Mexico,,,0,
1421,2027,3,WAS,LAR,0,0,0,0,0,Ewade,Vivid,Monday Night Football,FedExField,Landover,MD,,,0,
1422,2027,3,DAL,ATL,0,0,0,0,0,shawnzi83,mahrowkeen,Sunday Afternoon,AT&T Stadium,Arlington,TX,,,0,
1423,2027,3,NYG,NO,0,0,0,0,0,thatfunk,servo75,Sunday Noon,MetLife Stadium,East Rutherford,NJ,,,0,
1424,2027,3,GB,SEA,0,0,0,0,0,JC,CoachCartier,Sunday Afternoon,Lambeau Field,Green Bay,WI,,,0,
1425,2027,3,DET,ARI,0,0,0,0,0,jmjacobs,tommygunner,Sunday Noon,Ford Field,Detroit,MI,,,0,
1426,2027,3,CHI,SF,0,0,0,0,0,nemolee.exe,Dr_Novella,Sunday Afternoon,Soldier Field,Chicago,IL,,,0,
1427,2027,3,MIN,JAX,0,0,0,0,0,Bellwood,Weeze,Sunday Noon,U.S. Bank Stadium,Minneapolis,MN,,,0,
1428,2027,3,TB,BAL,0,0,0,0,0,ATonOfLaw,SyndaKyt,Thursday Night Football,Raymond James Stadium,Tampa,FL,,,0,
1429,2027,4,MIA,NYJ,0,0,0,0,0,TheLiberator,Tryggr,Sunday Noon,Hard Rock Stadium,Miami Gardens,FL,,,0,
1430,2027,4,CIN,IND,0,0,0,0,0,Ezaco,npklemm,Sunday Afternoon,Paul Brown Stadium,Cincinnati,OH,,,0,
1431,2027,4,BAL,TEN,1,0,0,0,0,SyndaKyt,Dearden,Sunday Noon,Wembley Stadium,London,United Kingdom,,,0,
1432,2027,4,JAX,KC,0,0,0,0,0,Weeze,Newkbomb,Sunday Noon,TIAA Bank Field,Jacksonville,FL,,,0,
1433,2027,4,HOU,LAC,0,0,0,0,0,lied,Dean,Sunday Night Football,NRG Stadium,Houston,TX,,,0,
1434,2027,4,DEN,PIT,0,0,0,0,0,alexfall862,DramaticBacon,Sunday Afternoon,Empower Field at Mile High,Denver,CO,,,0,
1435,2027,4,LV,NE,0,0,0,0,0,Jieret,Curby4,Sunday Afternoon,Allegiant Stadium,Paradise,NV,,,0,
1436,2027,4,WAS,DAL,0,0,0,0,0,Ewade,shawnzi83,Sunday Noon,FedExField,Landover,MD,,,0,
1437,2027,4,PHI,NYG,0,0,0,0,0,acewulf,thatfunk,Monday Night Football,Lincoln Financial Field,Philadelphia,PA,,,0,
1438,2027,4,MIN,GB,0,0,0,0,0,Bellwood,JC,Sunday Afternoon,U.S. Bank Stadium,Minneapolis,MN,,,0,
1439,2027,4,CAR,TB,0,0,0,0,0,Sarge,ATonOfLaw,Sunday Noon,Bank of America Stadium,Charlotte,NC,,,0,
1440,2027,4,ATL,CLE,0,0,0,0,0,mahrowkeen,LordLittleButt,Sunday Noon,Mercedes-Benz Stadium,Atlanta,GA,,,0,
1441,2027,4,NO,CHI,0,0,0,0,0,servo75,nemolee.exe,Sunday Noon,Caesars Superdome,New Orleans,LA,,,0,
1442,2027,4,LAR,BUF,0,0,0,0,0,Vivid,Minnow,Sunday Afternoon,SoFi Stadium,Inglewood,CA,,,0,
1443,2027,4,SEA,ARI,0,0,0,0,0,CoachCartier,tommygunner,Thursday Night Football,Lumen Field,Seattle,WA,,,0,
1444,2027,4,SF,DET,0,0,0,0,0,Dr_Novella,jmjacobs,Sunday Afternoon,Levi's Stadium,Santa Clara,CA,,,0,
1445,2027,5,MIA,TEN,0,0,0,0,0,TheLiberator,Dearden,Sunday Noon,Hard Rock Stadium,Miami Gardens,FL,,,0,
1446,2027,5,NYJ,SEA,0,0,0,0,0,Tryggr,CoachCartier,Sunday Noon,MetLife Stadium,East Rutherford,NJ,,,0,
1447,2027,5,BUF,SF,0,0,0,0,0,Minnow,Dr_Novella,Monday Night Football,Highmark Stadium,Orchard Park,NY,,,0,
1448,2027,5,NE,MIN,0,0,0,0,0,Curby4,Bellwood,Sunday Noon,Gillette Stadium,Foxborough,MA,,,0,
1449,2027,5,CLE,JAX,0,0,0,0,0,LordLittleButt,Weeze,Sunday Noon,FirstEnergy Stadium,Cleveland,OH,,,0,
1450,2027,5,CIN,PIT,0,0,0,0,0,Ezaco,DramaticBacon,Sunday Afternoon,Paul Brown Stadium,Cincinnati,OH,,,0,
1451,2027,5,BAL,IND,0,0,0,0,0,SyndaKyt,npklemm,Sunday Noon,M&T Bank Stadium,Baltimore,MD,,,0,
1452,2027,5,KC,DEN,0,0,0,0,0,Newkbomb,alexfall862,Sunday Afternoon,Arrowhead Stadium,Kansas City,MO,,,0,
1453,2027,5,LAC,PHI,0,0,0,0,0,Dean,acewulf,Sunday Afternoon,SoFi Stadium,Inglewood,CA,,,0,
1454,2027,5,DAL,LV,0,0,0,0,0,shawnzi83,Jieret,Sunday Afternoon,AT&T Stadium,Arlington,TX,,,0,
1455,2027,5,GB,WAS,0,0,0,0,0,JC,Ewade,Sunday Night Football,Lambeau Field,Green Bay,WI,,,0,
1456,2027,5,DET,HOU,0,0,0,0,0,jmjacobs,lied,Sunday Noon,Ford Field,Detroit,MI,,,0,
1457,2027,5,ATL,NO,0,0,0,0,0,mahrowkeen,servo75,Thursday Night Football,Mercedes-Benz Stadium,Atlanta,GA,,,0,
1458,2027,5,TB,NYG,0,0,0,0,0,ATonOfLaw,thatfunk,Sunday Noon,Raymond James Stadium,Tampa,FL,,,0,
1459,2027,5,LAR,CAR,0,0,0,0,0,Vivid,Sarge,Sunday Afternoon,SoFi Stadium,Inglewood,CA,,,0,
1460,2027,5,ARI,CHI,0,0,0,0,0,tommygunner,nemolee.exe,Sunday Afternoon,State Farm Stadium,Glendale,AZ,,,0,
1461,2027,6,MIA,DEN,0,0,0,0,0,TheLiberator,alexfall862,Monday Night Football,Hard Rock Stadium,Miami Gardens,FL,,,0,
1462,2027,6,NYJ,BUF,0,0,0,0,0,Tryggr,Minnow,Sunday Noon,MetLife Stadium,East Rutherford,NJ,,,0,
1463,2027,6,CLE,CIN,0,0,0,0,0,LordLittleButt,Ezaco,Sunday Noon,FirstEnergy Stadium,Cleveland,OH,,,0,
1464,2027,6,BAL,NE,0,0,0,0,0,SyndaKyt,Curby4,Sunday Noon,M&T Bank Stadium,Baltimore,MD,,,0,
1465,2027,6,JAX,SEA,0,0,0,0,0,Weeze,CoachCartier,Sunday Night Football,TIAA Bank Field,Jacksonville,FL,,,0,
1466,2027,6,IND,ARI,0,0,0,0,0,npklemm,tommygunner,Sunday Afternoon,Lucas Oil Stadium,Indianapolis,IN,,,0,
1467,2027,6,LAC,NO,0,0,0,0,0,Dean,servo75,Sunday Afternoon,SoFi Stadium,Inglewood,CA,,,0,
1468,2027,6,PHI,KC,0,0,0,0,0,acewulf,Newkbomb,Thursday Night Football,Lincoln Financial Field,Philadelphia,PA,,,0,
1469,2027,6,NYG,WAS,0,0,0,0,0,thatfunk,Ewade,Sunday Noon,MetLife Stadium,East Rutherford,NJ,,,0,
1470,2027,6,GB,HOU,0,0,0,0,0,JC,lied,Sunday Afternoon,Lambeau Field,Green Bay,WI,,,0,
1471,2027,6,CHI,TEN,0,0,0,0,0,nemolee.exe,Dearden,Sunday Afternoon,Soldier Field,Chicago,IL,,,0,
1472,2027,6,MIN,TB,0,0,0,0,0,Bellwood,ATonOfLaw,Sunday Afternoon,U.S. Bank Stadium,Minneapolis,MN,,,0,
1473,2027,6,CAR,DAL,0,0,0,0,0,Sarge,shawnzi83,Sunday Noon,Bank of America Stadium,Charlotte,NC,,,0,
1474,2027,6,ATL,PIT,0,0,0,0,0,mahrowkeen,DramaticBacon,Sunday Noon,Mercedes-Benz Stadium,Atlanta,GA,,,0,
1475,2027,6,SF,LAR,0,0,0,0,0,Dr_Novella,Vivid,Sunday Afternoon,Levi's Stadium,Santa Clara,CA,,,0,
1476,2027,7,MIA,SEA,0,0,0,0,0,TheLiberator,CoachCartier,Sunday Noon,Hard Rock Stadium,Miami Gardens,FL,,,0,
1477,2027,7,NE,KC,0,0,0,0,0,Curby4,Newkbomb,Sunday Noon,Gillette Stadium,Foxborough,MA,,,0,
1478,2027,7,PIT,WAS,0,0,0,0,0,DramaticBacon,Ewade,Sunday Noon,Heinz Field,Pittsburgh,PA,,,0,
1479,2027,7,CIN,TEN,0,0,0,0,0,Ezaco,Dearden,Monday Night Football,Paul Brown Stadium,Cincinnati,OH,,,0,
1480,2027,7,HOU,JAX,0,0,0,0,0,lied,Weeze,Sunday Afternoon,NRG Stadium,Houston,TX,,,0,
1481,2027,7,IND,MIN,0,0,0,0,0,npklemm,Bellwood,Sunday Afternoon,Lucas Oil Stadium,Indianapolis,IN,,,0,
1482,2027,7,LV,DEN,0,0,0,0,0,Jieret,alexfall862,Sunday Afternoon,Allegiant Stadium,Paradise,NV,,,0,
1483,2027,7,PHI,DAL,0,0,0,0,0,acewulf,shawnzi83,Sunday Noon,Lincoln Financial Field,Philadelphia,PA,,,0,
1484,2027,7,NYG,LAC,0,0,0,0,0,thatfunk,Dean,Thursday Night Football,MetLife Stadium,East Rutherford,NJ,,,0,
1485,2027,7,GB,LAR,0,0,0,0,0,JC,Vivid,Sunday Afternoon,Lambeau Field,Green Bay,WI,,,0,
1486,2027,7,CHI,DET,0,0,0,0,0,nemolee.exe,jmjacobs,Sunday Afternoon,Soldier Field,Chicago,IL,,,0,
1487,2027,7,CAR,ATL,0,0,0,0,0,Sarge,mahrowkeen,Sunday Noon,Bank of America Stadium,Charlotte,NC,,,0,
1488,2027,7,TB,NO,0,0,0,0,0,ATonOfLaw,servo75,Sunday Noon,Raymond James Stadium,Tampa,FL,,,0,
1489,2027,7,ARI,SF,0,0,0,0,0,tommygunner,Dr_Novella,Sunday Night Football,State Farm Stadium,Glendale,AZ,,,0,
1490,2027,8,BUF,CHI,0,0,0,0,0,Minnow,nemolee.exe,Thursday Night Football,Highmark Stadium,Orchard Park,NY,,,0,
1491,2027,8,PIT,BAL,0,0,0,0,0,DramaticBacon,SyndaKyt,Monday Night Football,Heinz Field,Pittsburgh,PA,,,0,
1492,2027,8,CLE,TB,0,0,0,0,0,LordLittleButt,ATonOfLaw,Sunday Noon,FirstEnergy Stadium,Cleveland,OH,,,0,
1493,2027,8,TEN,GB,0,0,0,0,0,Dearden,JC,Sunday Noon,Nissan Stadium,Nashville,TN,,,0,
1494,2027,8,DEN,NYG,0,0,0,0,0,alexfall862,thatfunk,Sunday Afternoon,Empower Field at Mile High,Denver,CO,,,0,
1495,2027,8,KC,LV,0,0,0,0,0,Newkbomb,Jieret,Sunday Afternoon,Arrowhead Stadium,Kansas City,MO,,,0,
1496,2027,8,LAC,NYJ,1,0,0,0,0,Dean,Tryggr,Sunday Afternoon,Tokyo Dome,Tokyo,Japan,,,0,
1497,2027,8,WAS,CAR,0,0,0,0,0,Ewade,Sarge,Sunday Night Football,FedExField,Landover,MD,,,0,
1498,2027,8,PHI,ATL,0,0,0,0,0,acewulf,mahrowkeen,Sunday Noon,Lincoln Financial Field,Philadelphia,PA,,,0,
1499,2027,8,DET,DAL,0,0,0,0,0,jmjacobs,shawnzi83,Sunday Noon,Ford Field,Detroit,MI,,,0,
1500,2027,8,NO,CIN,0,0,0,0,0,servo75,Ezaco,Sunday Noon,Caesars Superdome,New Orleans,LA,,,0,
1501,2027,8,LAR,NE,0,0,0,0,0,Vivid,Curby4,Sunday Noon,SoFi Stadium,Inglewood,CA,,,0,
1502,2027,8,SEA,MIN,0,0,0,0,0,CoachCartier,Bellwood,Sunday Afternoon,Lumen Field,Seattle,WA,,,0,
1503,2027,8,SF,MIA,0,0,0,0,0,Dr_Novella,TheLiberator,Sunday Afternoon,Levi's Stadium,Santa Clara,CA,,,0,
1504,2027,9,MIA,LAR,0,0,0,0,0,TheLiberator,Vivid,Sunday Night Football,Hard Rock Stadium,Miami Gardens,FL,,,0,
1505,2027,9,NYJ,DET,0,0,0,0,0,Tryggr,jmjacobs,Monday Night Football,MetLife Stadium,East Rutherford,NJ,,,0,
1506,2027,9,BUF,ARI,0,0,0,0,0,Minnow,tommygunner,Sunday Noon,Highmark Stadium,Orchard Park,NY,,,0,
1507,2027,9,NE,IND,0,0,0,0,0,Curby4,npklemm,Sunday Noon,Gillette Stadium,Foxborough,MA,,,0,
1508,2027,9,PIT,CIN,0,0,0,0,0,DramaticBacon,Ezaco,Sunday Noon,Heinz Field,Pittsburgh,PA,,,0,
1509,2027,9,CLE,BAL,0,0,0,0,0,LordLittleButt,SyndaKyt,Sunday Afternoon,FirstEnergy Stadium,Cleveland,OH,,,0,
1510,2027,9,TEN,HOU,0,0,0,0,0,Dearden,lied,Sunday Afternoon,Nissan Stadium,Nashville,TN,,,0,
1511,2027,9,JAX,GB,0,0,0,0,0,Weeze,JC,Sunday Noon,TIAA Bank Field,Jacksonville,FL,,,0,
1512,2027,9,KC,NYG,1,0,0,0,0,Newkbomb,thatfunk,Sunday Afternoon,Croke Park,Dublin,Ireland,,,0,
1513,2027,9,LV,TB,0,0,0,0,0,Jieret,ATonOfLaw,Thursday Night Football,Allegiant Stadium,Paradise,NV,,,0,
1514,2027,9,WAS,PHI,0,0,0,0,0,Ewade,acewulf,Sunday Noon,FedExField,Landover,MD,,,0,
1515,2027,9,DAL,LAC,0,0,0,0,0,shawnzi83,Dean,Sunday Afternoon,AT&T Stadium,Arlington,TX,,,0,
1516,2027,9,MIN,CHI,0,0,0,0,0,Bellwood,nemolee.exe,Sunday Afternoon,U.S. Bank Stadium,Minneapolis,MN,,,0,
1517,2027,9,CAR,NO,0,0,0,0,0,Sarge,servo75,Sunday Noon,Bank of America Stadium,Charlotte,NC,,,0,
1518,2027,10,MIA,NE,0,0,0,0,0,TheLiberator,Curby4,Sunday Noon,Hard Rock Stadium,Miami Gardens,FL,,,0,
1519,2027,10,BUF,NYJ,0,0,0,0,0,Minnow,Tryggr,Sunday Noon,Highmark Stadium,Orchard Park,NY,,,0,
1520,2027,10,CIN,PHI,0,0,0,0,0,Ezaco,acewulf,Sunday Night Football,Paul Brown Stadium,Cincinnati,OH,,,0,
1521,2027,10,BAL,ATL,0,0,0,0,0,SyndaKyt,mahrowkeen,Sunday Noon,M&T Bank Stadium,Baltimore,MD,,,0,
1522,2027,10,TEN,PIT,0,0,0,0,0,Dearden,DramaticBacon,Sunday Noon,Nissan Stadium,Nashville,TN,,,0,
1523,2027,10,HOU,MIN,0,0,0,0,0,lied,Bellwood,Monday Night Football,NRG Stadium,Houston,TX,,,0,
1524,2027,10,IND,JAX,0,0,0,0,0,npklemm,Weeze,Sunday Afternoon,Lucas Oil Stadium,Indianapolis,IN,,,0,
1525,2027,10,DEN,LAC,0,0,0,0,0,alexfall862,Dean,Thursday Night Football,Empower Field at Mile High,Denver,CO,,,0,
1526,2027,10,LV,WAS,0,0,0,0,0,Jieret,Ewade,Sunday Afternoon,Allegiant Stadium,Paradise,NV,,,0,
1527,2027,10,DAL,NYG,0,0,0,0,0,shawnzi83,thatfunk,Sunday Afternoon,AT&T Stadium,Arlington,TX,,,0,
1528,2027,10,GB,DET,0,0,0,0,0,JC,jmjacobs,Sunday Noon,Lambeau Field,Green Bay,WI,,,0,
1529,2027,10,CAR,CLE,0,0,0,0,0,Sarge,LordLittleButt,Sunday Noon,Bank of America Stadium,Charlotte,NC,,,0,
1530,2027,10,LAR,ARI,0,0,0,0,0,Vivid,tommygunner,Sunday Afternoon,SoFi Stadium,Inglewood,CA,,,0,
1531,2027,10,SF,SEA,0,0,0,0,0,Dr_Novella,CoachCartier,Sunday Afternoon,Levi's Stadium,Santa Clara,CA,,,0,
1532,2027,11,BUF,MIA,0,0,0,0,0,Minnow,TheLiberator,Sunday Noon,Highmark Stadium,Orchard Park,NY,,,0,
1533,2027,11,CLE,PIT,0,0,0,0,0,LordLittleButt,DramaticBacon,Monday Night Football,FirstEnergy Stadium,Cleveland,OH,,,0,
1534,2027,11,CIN,CAR,0,0,0,0,0,Ezaco,Sarge,Sunday Noon,Paul Brown Stadium,Cincinnati,OH,,,0,
1535,2027,11,HOU,BAL,0,0,0,0,0,lied,SyndaKyt,Sunday Afternoon,NRG Stadium,Houston,TX,,,0,
1536,2027,11,IND,TEN,0,0,0,0,0,npklemm,Dearden,Sunday Noon,Lucas Oil Stadium,Indianapolis,IN,,,0,
1537,2027,11,DEN,KC,0,0,0,0,0,alexfall862,Newkbomb,Sunday Afternoon,Empower Field at Mile High,Denver,CO,,,0,
1538,2027,11,LV,LAC,0,0,0,0,0,Jieret,Dean,Sunday Afternoon,Allegiant Stadium,Paradise,NV,,,0,
1539,2027,11,CHI,JAX,0,0,0,0,0,nemolee.exe,Weeze,Thursday Night Football,Soldier Field,Chicago,IL,,,0,
1540,2027,11,MIN,DET,0,0,0,0,0,Bellwood,jmjacobs,Sunday Noon,U.S. Bank Stadium,Minneapolis,MN,,,0,
1541,2027,11,NO,WAS,0,0,0,0,0,servo75,Ewade,Sunday Noon,Caesars Superdome,New Orleans,LA,,,0,
1542,2027,11,TB,PHI,0,0,0,0,0,ATonOfLaw,acewulf,Sunday Noon,Raymond James Stadium,Tampa,FL,,,0,
1543,2027,11,SEA,ATL,0,0,0,0,0,CoachCartier,mahrowkeen,Sunday Afternoon,Lumen Field,Seattle,WA,,,0,
1544,2027,11,SF,GB,0,0,0,0,0,Dr_Novella,JC,Sunday Night Football,Levi's Stadium,Santa Clara,CA,,,0,
1545,2027,11,ARI,NYJ,0,0,0,0,0,tommygunner,Tryggr,Sunday Afternoon,State Farm Stadium,Glendale,AZ,,,0,
1546,2027,12,NYJ,NE,0,0,0,0,0,Tryggr,Curby4,Sunday Noon,MetLife Stadium,East Rutherford,NJ,,,0,
1547,2027,12,TEN,CLE,0,0,0,0,0,Dearden,LordLittleButt,Sunday Afternoon,Nissan Stadium,Nashville,TN,,,0,
1548,2027,12,JAX,HOU,0,0,0,0,0,Weeze,lied,Sunday Noon,TIAA Bank Field,Jacksonville,FL,,,0,
1549,2027,12,DEN,BUF,1,0,0,0,0,alexfall862,Minnow,Sunday Afternoon,BC Place,Vancouver,Canada,,,0,
1550,2027,12,KC,MIA,0,0,0,0,0,Newkbomb,TheLiberator,Sunday Night Football,Arrowhead Stadium,Kansas City,MO,,,0,
1551,2027,12,LAC,WAS,0,0,0,0,0,Dean,Ewade,Sunday Afternoon,SoFi Stadium,Inglewood,CA,,,0,
1552,2027,12,DAL,SEA,0,0,0,0,0,shawnzi83,CoachCartier,Thursday Night Football,AT&T Stadium,Arlington,TX,,,0,
1553,2027,12,NYG,LV,0,0,0,0,0,thatfunk,Jieret,Sunday Noon,MetLife Stadium,East Rutherford,NJ,,,0,
1554,2027,12,DET,IND,0,0,0,0,0,jmjacobs,npklemm,Thursday Night Football,Ford Field,Detroit,MI,,,0,
1555,2027,12,CHI,GB,0,0,0,0,0,nemolee.exe,JC,Sunday Afternoon,Soldier Field,Chicago,IL,,,0,
1556,2027,12,MIN,ARI,0,0,0,0,0,Bellwood,tommygunner,Sunday Noon,U.S. Bank Stadium,Minneapolis,MN,,,0,
1557,2027,12,ATL,TB,0,0,0,0,0,mahrowkeen,ATonOfLaw,Monday Night Football,Mercedes-Benz Stadium,Atlanta,GA,,,0,
1558,2027,12,NO,BAL,0,0,0,0,0,servo75,SyndaKyt,Sunday Noon,Caesars Superdome,New Orleans,LA,,,0,
1559,2027,12,LAR,SF,0,0,0,0,0,Vivid,Dr_Novella,Sunday Afternoon,SoFi Stadium,Inglewood,CA,,,0,
1560,2027,13,NYJ,LV,0,0,0,0,0,Tryggr,Jieret,Thursday Night Football,MetLife Stadium,East Rutherford,NJ,,,0,
1561,2027,13,NE,SF,0,0,0,0,0,Curby4,Dr_Novella,Sunday Afternoon,Gillette Stadium,Foxborough,MA,,,0,
1562,2027,13,PIT,JAX,0,0,0,0,0,DramaticBacon,Weeze,Sunday Noon,Heinz Field,Pittsburgh,PA,,,0,
1563,2027,13,CLE,HOU,1,0,0,0,0,LordLittleButt,lied,Sunday Afternoon,Maracana Stadium,Rio de Janeiro,Brazil,,,0,
1564,2027,13,BAL,CIN,0,0,0,0,0,SyndaKyt,Ezaco,Sunday Noon,M&T Bank Stadium,Baltimore,MD,,,0,
1565,2027,13,TEN,LAR,0,0,0,0,0,Dearden,Vivid,Monday Night Football,Nissan Stadium,Nashville,TN,,,0,
1566,2027,13,IND,CHI,0,0,0,0,0,npklemm,nemolee.exe,Sunday Afternoon,Lucas Oil Stadium,Indianapolis,IN,,,0,
1567,2027,13,KC,BUF,0,0,0,0,0,Newkbomb,Minnow,Sunday Afternoon,Arrowhead Stadium,Kansas City,MO,,,0,
1568,2027,13,WAS,NYG,0,0,0,0,0,Ewade,thatfunk,Sunday Night Football,FedExField,Landover,MD,,,0,
1569,2027,13,PHI,DEN,0,0,0,0,0,acewulf,alexfall862,Sunday Noon,Lincoln Financial Field,Philadelphia,PA,,,0,
1570,2027,13,DET,SEA,0,0,0,0,0,jmjacobs,CoachCartier,Sunday Afternoon,Ford Field,Detroit,MI,,,0,
1571,2027,13,ATL,CAR,0,0,0,0,0,mahrowkeen,Sarge,Sunday Noon,Mercedes-Benz Stadium,Atlanta,GA,,,0,
1572,2027,13,NO,DAL,0,0,0,0,0,servo75,shawnzi83,Sunday Noon,Caesars Superdome,New Orleans,LA,,,0,
1573,2027,13,TB,ARI,0,0,0,0,0,ATonOfLaw,tommygunner,Sunday Noon,Raymond James Stadium,Tampa,FL,,,0,
1574,2027,14,NYJ,LAR,0,0,0,0,0,Tryggr,Vivid,Sunday Noon,MetLife Stadium,East Rutherford,NJ,,,0,
1575,2027,14,NE,DEN,0,0,0,0,0,Curby4,alexfall862,Sunday Noon,Gillette Stadium,Foxborough,MA,,,0,
1576,2027,14,CIN,CLE,0,0,0,0,0,Ezaco,LordLittleButt,Sunday Noon,Paul Brown Stadium,Cincinnati,OH,,,0,
1577,2027,14,JAX,DET,0,0,0,0,0,Weeze,jmjacobs,Sunday Noon,TIAA Bank Field,Jacksonville,FL,,,0,
1578,2027,14,HOU,CHI,0,0,0,0,0,lied,nemolee.exe,Thursday Night Football,NRG Stadium,Houston,TX,,,0,
1579,2027,14,LAC,KC,0,0,0,0,0,Dean,Newkbomb,Sunday Afternoon,SoFi Stadium,Inglewood,CA,,,0,
1580,2027,14,LV,BAL,0,0,0,0,0,Jieret,SyndaKyt,Sunday Afternoon,Allegiant Stadium,Paradise,NV,,,0,
1581,2027,14,DAL,TB,0,0,0,0,0,shawnzi83,ATonOfLaw,Sunday Afternoon,AT&T Stadium,Arlington,TX,,,0,
1582,2027,14,PHI,NO,0,0,0,0,0,acewulf,servo75,Sunday Noon,Lincoln Financial Field,Philadelphia,PA,,,0,
1583,2027,14,GB,IND,0,0,0,0,0,JC,npklemm,Monday Night Football,Lambeau Field,Green Bay,WI,,,0,
1584,2027,14,MIN,SF,0,0,0,0,0,Bellwood,Dr_Novella,Sunday Afternoon,U.S. Bank Stadium,Minneapolis,MN,,,0,
1585,2027,14,CAR,PIT,0,0,0,0,0,Sarge,DramaticBacon,Sunday Night Football,Bank of America Stadium,Charlotte,NC,,,0,
1586,2027,14,ATL,NYG,0,0,0,0,0,mahrowkeen,thatfunk,Sunday Noon,Mercedes-Benz Stadium,Atlanta,GA,,,0,
1587,2027,14,SEA,BUF,0,0,0,0,0,CoachCartier,Minnow,Sunday Afternoon,Lumen Field,Seattle,WA,,,0,
1588,2027,14,ARI,MIA,0,0,0,0,0,tommygunner,TheLiberator,Sunday Afternoon,State Farm Stadium,Glendale,AZ,,,0,
1589,2027,15,NYJ,MIA,0,0,0,0,0,Tryggr,TheLiberator,Sunday Noon,MetLife Stadium,East Rutherford,NJ,,,0,
1590,2027,15,BUF,LAC,0,0,0,0,0,Minnow,Dean,Sunday Noon,Highmark Stadium,Orchard Park,NY,,,0,
1591,2027,15,NE,ARI,0,0,0,0,0,Curby4,tommygunner,Thursday Night Football,Gillette Stadium,Foxborough,MA,,,0,
1592,2027,15,CIN,ATL,1,0,0,0,0,Ezaco,mahrowkeen,Sunday Noon,Allianz Arena,Munich,Germany,,,0,
1593,2027,15,BAL,PIT,0,0,0,0,0,SyndaKyt,DramaticBacon,Sunday Noon,M&T Bank Stadium,Baltimore,MD,,,0,
1594,2027,15,TEN,JAX,0,0,0,0,0,Dearden,Weeze,Sunday Night Football,Nissan Stadium,Nashville,TN,,,0,
1595,2027,15,HOU,IND,0,0,0,0,0,lied,npklemm,Sunday Afternoon,NRG Stadium,Houston,TX,,,0,
1596,2027,15,DEN,LV,0,0,0,0,0,alexfall862,Jieret,Sunday Afternoon,Empower Field at Mile High,Denver,CO,,,0,
1597,2027,15,KC,CLE,0,0,0,0,0,Newkbomb,LordLittleButt,Monday Night Football,Arrowhead Stadium,Kansas City,MO,,,0,
1598,2027,15,WAS,TB,0,0,0,0,0,Ewade,ATonOfLaw,Sunday Noon,FedExField,Landover,MD,,,0,
1599,2027,15,DAL,PHI,0,0,0,0,0,shawnzi83,acewulf,Sunday Afternoon,AT&T Stadium,Arlington,TX,,,0,
1600,2027,15,NYG,CAR,0,0,0,0,0,thatfunk,Sarge,Sunday Noon,MetLife Stadium,East Rutherford,NJ,,,0,
1601,2027,15,DET,GB,0,0,0,0,0,jmjacobs,JC,Sunday Noon,Ford Field,Detroit,MI,,,0,
1602,2027,15,CHI,MIN,0,0,0,0,0,nemolee.exe,Bellwood,Sunday Afternoon,Soldier Field,Chicago,IL,,,0,
1603,2027,15,LAR,SEA,0,0,0,0,0,Vivid,CoachCartier,Sunday Afternoon,SoFi Stadium,Inglewood,CA,,,0,
1604,2027,15,SF,NO,0,0,0,0,0,Dr_Novella,servo75,Sunday Afternoon,Levi's Stadium,Santa Clara,CA,,,0,
1605,2027,16,MIA,GB,0,0,0,0,0,TheLiberator,JC,Sunday Noon,Hard Rock Stadium,Miami Gardens,FL,,,0,
1606,2027,16,NYJ,JAX,0,0,0,0,0,Tryggr,Weeze,Sunday Noon,MetLife Stadium,East Rutherford,NJ,,,0,
1607,2027,16,NE,BUF,0,0,0,0,0,Curby4,Minnow,Sunday Noon,Gillette Stadium,Foxborough,MA,,,0,
1608,2027,16,PIT,HOU,0,0,0,0,0,DramaticBacon,lied,Sunday Noon,Heinz Field,Pittsburgh,PA,,,0,
1609,2027,16,CLE,DAL,0,0,0,0,0,LordLittleButt,shawnzi83,Sunday Afternoon,FirstEnergy Stadium,Cleveland,OH,,,0,
1610,2027,16,BAL,NYG,0,0,0,0,0,SyndaKyt,thatfunk,Thursday Night Football,M&T Bank Stadium,Baltimore,MD,,,0,
1611,2027,16,IND,LV,0,0,0,0,0,npklemm,Jieret,Sunday Afternoon,Lucas Oil Stadium,Indianapolis,IN,,,0,
1612,2027,16,KC,ATL,0,0,0,0,0,Newkbomb,mahrowkeen,Sunday Afternoon,Arrowhead Stadium,Kansas City,MO,,,0,
1613,2027,16,LAC,CIN,0,0,0,0,0,Dean,Ezaco,Sunday Afternoon,SoFi Stadium,Inglewood,CA,,,0,
1614,2027,16,WAS,DEN,0,0,0,0,0,Ewade,alexfall862,Monday Night Football,FedExField,Landover,MD,,,0,
1615,2027,16,MIN,TEN,0,0,0,0,0,Bellwood,Dearden,Sunday Noon,U.S. Bank Stadium,Minneapolis,MN,,,0,
1616,2027,16,CAR,PHI,0,0,0,0,0,Sarge,acewulf,Sunday Noon,Bank of America Stadium,Charlotte,NC,,,0,
1617,2027,16,NO,TB,0,0,0,0,0,servo75,ATonOfLaw,Sunday Noon,Caesars Superdome,New Orleans,LA,,,0,
1618,2027,16,LAR,DET,0,0,0,0,0,Vivid,jmjacobs,Sunday Night Football,SoFi Stadium,Inglewood,CA,,,0,
1619,2027,16,SEA,CHI,0,0,0,0,0,CoachCartier,nemolee.exe,Sunday Afternoon,Lumen Field,Seattle,WA,,,0,
1620,2027,16,SF,ARI,0,0,0,0,0,Dr_Novella,tommygunner,Sunday Afternoon,Levi's Stadium,Santa Clara,CA,,,0,
1621,2027,17,BUF,HOU,0,0,0,0,0,Minnow,lied,Sunday Noon,Highmark Stadium,Orchard Park,NY,,,0,
1622,2027,17,CLE,NO,0,0,0,0,0,LordLittleButt,servo75,Sunday Afternoon,FirstEnergy Stadium,Cleveland,OH,,,0,
1623,2027,17,TEN,DET,0,0,0,0,0,Dearden,jmjacobs,Sunday Afternoon,Nissan Stadium,Nashville,TN,,,0,
1624,2027,17,JAX,BAL,0,0,0,0,0,Weeze,SyndaKyt,Sunday Noon,TIAA Bank Field,Jacksonville,FL,,,0,
1625,2027,17,IND,PIT,0,0,0,0,0,npklemm,DramaticBacon,Sunday Noon,Lucas Oil Stadium,Indianapolis,IN,,,0,
1626,2027,17,DEN,NYJ,0,0,0,0,0,alexfall862,Tryggr,Sunday Afternoon,Empower Field at Mile High,Denver,CO,,,0,
1627,2027,17,KC,DAL,0,0,0,0,0,Newkbomb,shawnzi83,Monday Night Football,Arrowhead Stadium,Kansas City,MO,,,0,
1628,2027,17,LAC,NE,0,0,0,0,0,Dean,Curby4,Sunday Afternoon,SoFi Stadium,Inglewood,CA,,,0,
1629,2027,17,LV,MIA,0,0,0,0,0,Jieret,TheLiberator,Thursday Night Football,Allegiant Stadium,Paradise,NV,,,0,
1630,2027,17,PHI,SF,0,0,0,0,0,acewulf,Dr_Novella,Sunday Noon,Lincoln Financial Field,Philadelphia,PA,,,0,
1631,2027,17,NYG,MIN,0,0,0,0,0,thatfunk,Bellwood,Sunday Noon,MetLife Stadium,East Rutherford,NJ,,,0,
1632,2027,17,CHI,LAR,0,0,0,0,0,nemolee.exe,Vivid,Sunday Afternoon,Soldier Field,Chicago,IL,,,0,
1633,2027,17,CAR,GB,0,0,0,0,0,Sarge,JC,Sunday Night Football,Bank of America Stadium,Charlotte,NC,,,0,
1634,2027,17,ATL,WAS,0,0,0,0,0,mahrowkeen,Ewade,Sunday Noon,Mercedes-Benz Stadium,Atlanta,GA,,,0,
1635,2027,17,TB,CIN,0,0,0,0,0,ATonOfLaw,Ezaco,Sunday Noon,Raymond James Stadium,Tampa,FL,,,0,
1636,2027,17,ARI,SEA,0,0,0,0,0,tommygunner,CoachCartier,Sunday Afternoon,State Farm Stadium,Glendale,AZ,,,0,
1637,2027,18,MIA,BUF,0,0,0,0,0,TheLiberator,Minnow,Sunday Noon,Hard Rock Stadium,Miami Gardens,FL,,,0,
1638,2027,18,NE,NYJ,0,0,0,0,0,Curby4,Tryggr,Sunday Noon,Gillette Stadium,Foxborough,MA,,,0,
1639,2027,18,PIT,CLE,0,0,0,0,0,DramaticBacon,LordLittleButt,Sunday Noon,Heinz Field,Pittsburgh,PA,,,0,
1640,2027,18,CIN,BAL,0,0,0,0,0,Ezaco,SyndaKyt,Sunday Noon,Paul Brown Stadium,Cincinnati,OH,,,0,
1641,2027,18,JAX,IND,0,0,0,0,0,Weeze,npklemm,Sunday Afternoon,TIAA Bank Field,Jacksonville,FL,,,0,
1642,2027,18,HOU,TEN,0,0,0,0,0,lied,Dearden,Sunday Afternoon,NRG Stadium,Houston,TX,,,0,
1643,2027,18,LAC,DEN,0,0,0,0,0,Dean,alexfall862,Sunday Night Football,SoFi Stadium,Inglewood,CA,,,0,
1644,2027,18,LV,KC,0,0,0,0,0,Jieret,Newkbomb,Sunday Afternoon,Allegiant Stadium,Paradise,NV,,,0,
1645,2027,18,DAL,WAS,0,0,0,0,0,shawnzi83,Ewade,Sunday Noon,AT&T Stadium,Arlington,TX,,,0,
1646,2027,18,NYG,PHI,0,0,0,0,0,thatfunk,acewulf,Sunday Noon,MetLife Stadium,East Rutherford,NJ,,,0,
1647,2027,18,GB,MIN,0,0,0,0,0,JC,Bellwood,Sunday Afternoon,Lambeau Field,Green Bay,WI,,,0,
1648,2027,18,DET,CHI,0,0,0,0,0,jmjacobs,nemolee.exe,Sunday Afternoon,Ford Field,Detroit,MI,,,0,
1649,2027,18,NO,ATL,0,0,0,0,0,servo75,mahrowkeen,Sunday Noon,Caesars Superdome,New Orleans,LA,,,0,
1650,2027,18,TB,CAR,0,0,0,0,0,ATonOfLaw,Sarge,Sunday Noon,Raymond James Stadium,Tampa,FL,,,0,
1651,2027,18,SEA,SF,0,0,0,0,0,CoachCartier,Dr_Novella,Sunday Afternoon,Lumen Field,Seattle,WA,,,0,
1652,2027,18,ARI,LAR,0,0,0,0,0,tommygunner,Vivid,Sunday Afternoon,State Farm Stadium,Glendale,AZ,,,0,
